{
    "The red spiral on the back of Konoha vests symbolizes a friendship with which clan": "Uzumaki",
    "How old was naruto at the start of Boruto": "32",
    "Who are Itachi and Kisame looking for when they first arrive in Konoha together": "Naruto",
    "Which Hidden Village never produced a Akatsuki member": "Hidden Cloud",
    "What is Naruto's catchphrase": "Dattebayo!",
    "What is the name of Kakashi's smallest Ninken": "Pakkun",
    "Which character is kunoichi": "Sakura",
    "What colour is Sasuke's Susanoo": "Purple",
    "What colour is Madara's Susanoo": "Blue",
    "What colour is Itachi's Susanoo": "Red",
    "What item does Gaara wear on his back": "Gourd",
    "What colour is Shisui's Susanoo": "Green",
    "Whose hobby is pressing flowers": "Hinata",
    "What does Gaara's tattoo mean": "Love",
    "Who killed Kisame": "Kisame",
    "Kagura Karatachi is the grandson of": "4th Mizukage",
    "Which technique Minato used to deflect Bijūdama": "Flying Thunder God Technique",
    "Who was the first ninja (episode-wise) to acknowledge Naruto's existence": "Iruka",
    "How many brothers Madara had": "4",
    "What is the requirement for a God tree to blossom": "Be fed the life of an Ōtsutsuki",
    "What is Naruto's last name": "Uzumaki",
    "Who is the youngest ninja to graduate from the academy": "Kakashi",
    "What is Temari's summoning jutsu": "Weasel",
    "Who was able to realize that Sasuke travelled back in time": "Jiraiya",
    "Who was The Sannin's teacher": "Hiruzen",
    "Which of these is another word for ninja": "Shinobi",
    "Who developed Edo Tensei no Jutsu": "Tobirama Senju",
    "What is the name of Madara Uchiha's grand plan": "Project Tsuki no Me",
    "What is Team 3 composition": "Neji, Tenten, Lee",
    "Where does Inari live": "Land of Waves",
    "Who created the rasengan": "Minato",
    "Who was the third Hokage": "Hiruzen Sarutobi",
    "What is Team Taka composition": "Jūgo, Suigetsu, Karin",
    "What's Naruto's mum's name": "Kushina",
    "What weapon does Urashiki like using": "Fishing Rod",
    "What is name of Kakashi's eye technique": "Sharingan",
    "What does 'Chidori' mean": "one thousand birds",
    "How old is Naruto when he learns Sage Mode": "16",
    "What weapon does Temari use": "Fan",
    "What weapon does Kankuro use": "Puppet",
    "How many ninjas from Konoha passed first chunnin exam": "1",
    "Who is the Team 7 leader in Boruto": "Konohamaru",
    "Boruto is part of what clan": "Uzumaki Clan",
    "What is Gamamaru called": "Great Toad Sage",
    "What is translation of Kage Bunshin no Jutsu": "Shadow Clone Technique",
    "Naruto Shippūden series consists of how many episodes": "500",
    "Who is Gaara's son": "Shinki",
    "Which character can only use taijutsu": "Rock Lee",
    "How old was Naruto in the original Naruto": "12",
    "Which company makes thunder trains": "Kaminarimon company",
    "What piece of jewelry do the Akatsuki wear": "Rings low key",
    "What is Naruto's birth date": "October 10th",
    "How many hearts does Kakuzu have": "5",
    "What was Boruto's first Rasengan": "Vanishing Rasengan",
    "What is the village where Naruto lives called": "Konohagakure",
    "What is the name of Chōjūrō's sword": "Hiramekarei",
    "What is Team Minato composition": "Kakashi, Obito, Rin",
    "Who did Naruto adopt into his family": "Kawaki",
    "What does Naruto's wallet look like": "Frog",
    "Who did Naruto Marry": "Hinata",
    "Who did Shikamaru marry": "Temari",
    "What did Naruto wear before he got his headband": "Goggles",
    "Who gave Naruto his headband": "Iruka",
    "Who was the fourth Mizukage": "Yagura",
    "Who was the fourth Hokage": "Minato Namikaze",
    "Who tricked Naruto into stealing a sacred scroll": "Mizuki",
    "How many shinobi did Minato take on alone at once": "1000",
    "Who did Boruto and Sasuke fight in the past": "Urashiki",
    "What weapon does Sasori use": "Puppet",
    "What weapon does Sai use": "Scroll",
    "What weapon does Gai use": "Nunchaku",
    "What weapon does Sasuke use": "Katana",
    "What weapon does Madara use": "Fan",
    "What weapon does Hiruzen use": "Staff",
    "What weapon does Asuma use": "Chakra Blades",
    "What is Naruto's main jutsu ": "Shadow Clone Jutsu",
    "Who killed Hidan": "Shikamaru Nara",
    "Who was killed by Hidan": "Asuma Sarutobi",
    "Who taught Sakura medical jutsu": "Tsunade",
    "What is Gai's father's rank": "Genin",
    "What does Might Guy use to travel in": "Wheelchair",
    "What does Tsunade have as a pet": "Pig",
    "What is Gai's father's name": "Dai",
    "What is Gai's summoning jutsu": "Turtle",
    "What is Tsunade's summoning jutsu": "Slug",
    "What is Naruto's favourite food": "Ramen",
    "What is Team Asuma's favorite food": "BBQ",
    "What is Anko's favourite food": "Dango",
    "Konohamaru Sarutobi is the leader of what team": "7",
    "What is Boruto's favourite food": "Yakisoba bun",
    "How many Tailed Beasts were created from the 10-Tails": "9",
    "What is the ability of Zabuza's sword": "Self-repairing",
    "What characteristic weapon did Haku use": "Senbon",
    "What is the name of Ichiraku Ramen owner": "Teuchi",
    "Why did Naruto not attend the Hokage Ceremony": "Got knocked out by Himawari",
    "Who knocked out Naruto in just one hit": "Himawari",
    "Who should be Boruto's last opponent in the 2nd Chunin exam": "Mitsuki",
    "Who thinks Boruto is the sun": "Mitsuki",
    "Who is Naruto Uzumaki's first child": "Boruto",
    "Who was Naruto's academy teacher": "Iruka Umino",
    "How many hokage are there": "7",
    "Who is the academy teacher of Boruto": "Shino Aburame",
    "Who was Boruto's last opponent in the 1st Chunin exam": "Shikadai",
    "The Sharingan is what type of jutsu": "Dojutsu",
    "What is name of Kiba's dog": "Akamaru",
    "What is Naruto's summoning jutsu": "Toad",
    "What is Sasuke's summoning jutsu": "Snake",
    "What is Kakashi's summoning jutsu": "Dog",
    "Who defeated Kaguya": "Naruto, Sasuke, Sakura",
    "What is Shinki's power": "Iron Sand",
    "Which clan was the Third Hokage from": "Sarutobi",
    "Who is a failed Ōtsutsuki vessel": "Code",
    "Who was the third Tsuchikage": "Ōnoki",
    "Which Hokage sealed the nine-tailed fox inside Naruto": "4th Hokage",
    "Who ruled in Amegakure before Pain": "Hanzō",
    "Who created Akatsuki": "Yahiko",
    "Which Tailed Beast did Rin have inside her": "The Three-Tails",
    "Who requested The Five Kage Summit": "4th Raikage",
    "Who is the leader of the Toads": "Gamabunta",
    "Who is the leader of Team 7": "Kakashi",
    "What is Minatos's nickname": "Yellow Flash",
    "What weapon does sasori use": "puppet",
    "Iwabee Yuino is from which team": "Team 5",
    "Who is Boruto's teammates": "Sarada, Mitsuki",
    "Which of Boruto's classmates has cat ears and tail": "Wasabi",
    "What is Team 5 composition": "Iwabe, Denki, Metal",
    "What is Team 15 composition": "Sumire, Wasabi and Namida",
    "What is Team 25 composition": "Hōki, Hako, Renga",
    "What is Team 40 composition": "Enko, Dōshu, Tsuru",
    "What is Team 7 composition": "Boruto, Sarada, and Mitsuki",
    "Who was team 7 looking for on their first mission": "Tora",
    "Who are the parents of Sakura Haruno": "Kizashi and Mebuk",
    "Where is hozuki castle located": "Kusagakure",
    "Where is Kara's hideout located": "Amegakure",
    "How many times does Naruto use the Nine Tails' power in Part 1 of the series": "7 times",
    "How many years did boruto and sasuke time travel": "20 years",
    "What eyes does Boruto Uzumaki have": "Jogan",
    "What was the first Jutsu Naruto Mastered": "Shadow Clone Jutsu",
    "How did Sasuke lose his Rinnegan": "Stabbed by Boruto",
    "Which type of jutsu is Kāma": "Fūinjutsu",
    "What characteristic is typical for Uzumaki clan": "Red hair",
    "What is the ability of Kisame's sword": "Chakra absorbtion",
    "Who created Black Zetsu": "Kaguya",
    "Who is a synthetic human created by Orochimaru": "Mitsuki",
    "Who watches Orochimaru 24/7": "Yamato",
    "Who was the only user of the Temple of Nirvana Technique": "Kabuto Yakushi",
    "Who was killed by Orochimaru": "Hiruzen Sarutobi",
    "What Jiraiya/Orochimaru/Tsunade known as": "The Sannin",
    "What is the gender of Orochimaru": "Non-Binary",
    "Who is the only female Ninja of the Akatsuki": "Konan",
    "Who wrote the Icha Icha Tactics": "Jiraiya",
    "Who is known as The Ghost of the Uchiha": "Madara",
    "Who killed Jiraiya": "Pain",
    "Who is Sarada Uchiha's uncle": "Itachi",
    "At what age did Itachi join the Anbu": "11",
    "What team is Kakashi the leader of": "Team 7",
    "What happens if Mitsuki activates sage mode": "He gains a cyan chakra shroud",
    "Who is the director of ANBU": "Sai Yamanaka",
    "What weapon does Hidan use": "Scythe",
    "Who was the fifth Mizukage": "Mei",
    "How is Hanabi related to Boruto": "His aunt",
    "Who is the 7th Hokage": "Naruto",
    "Who is the 6th Hokage": "Kakashi",
    "What is Kakashi's nickname": "Copy Ninja",
    "Who is the leader of Team 8": "Kurenai",
    "Who is the leader of Team 3": "Gai",
    "Who accompanied Kakashi and Might Guy during the Steam Ninja Scroll arc": "Mirai sarutobi",
    "Who is the leader of Team 10": "Asuma",
    "Who was the youngest jonin": "Kakashi",
    "Who is the sage of the Six Paths": "Hagoromo",
    "Who else has the same ability as Kakashi to create lightning with their hand": "Indra",
    "Who was the first Hokage": "Hashirama Senju",
    "Who was the second Hokage": "Tobirama Senju",
    "Who was the fifth Hokage": "Tsunade",
    "Who was the second Tsuchikage": "Mu",
    "Which Kage was also the Jinchuriki of the Three Tails": "4th Mizukage",
    "Who is the current Raikage": "Darui",
    "Who was the person that used the most swords in a single battle": "Killer B",
    "What is Hinata's father's name": "Hiashi",
    "What is Team 8 composition": "Hinata, Kiba, Shino",
    "Which one is not a member of Team Kurenai": "Sai",
    "Who is Boruto's mom": "Hinata",
    "Who is the One-Tail jinchūriki": "Gaara",
    "What dōjutsu does Ao have": "Byakugan",
    "What dōjutsu does Hinata have": "Byakugan",
    "What is Team Ebisu composition": "Konohamaru, Moegi, Udon",
    "What is the Eight Tails' real name": "Gyuki",
    "Why, at the start of the series, is everyone fearful of Naruto": "Because he is a jinchuriki",
    "Who did Momoshiki consume": "Kinshiki",
    "Who is terrified of toads": "Sakura",
    "What is Inojin Yamanaka, Shikadai Nara, and Chocho Akimichi's team called": "Team Moegi",
    "Who did Sakura have crush on": "Sasuke",
    "Who was the 9 tail's jinchuriki before Naruto": "Kushina",
    "What is Bijūdama": "Tailed Beast Bomb",
    "What does Garaa's tattoo mean": "love",
    "What is Kage Bunshin no Jutsu": "technique to make clones",
    "What is the nickname of Fugaku Uchiha": "The Wicked Eye",
    "What is the nickname of Sakumo Hatake": "The White Fang",
    "What village is referred to as “Otogakure": "Village Hidden in the Sound",
    "What are the seeds of God trees": "Juubi",
    "which word means female ninja": "Kunoichi",
    "who was killed by orochimaru": "Hiruzen",
    "What is Team 10 composition": "Shikamaru,Choji, Ino",
    "how many gates did lee open during the first chūnin exams": "5",
    "Which of these is NOT a type of jutsu": "The 8 Paths of Discomfort",
    "What did the shop owned by the Uchiha Clan sell within Konohagakure": "Senbei",
    "Which of Gamabunta's sons does Naruto accidentally summon during his fight against Gaara": "Gamakichi",
    "How many tails does Shukaku have": "1",
    "How many tails does Matatabi have": "2",
    "How many tails does Isobu have": "3",
    "How many tails does Son Gokū have": "4",
    "How many tails does Kokuō have": "5",
    "How many tails does Saiken have": "6",
    "How many tails does Chōmei have": "7",
    "How many tails does Gyuki have": "8",
    "How many tails does Kurama have": "9",
    "10 bijuu": "Jūbi",
    "What is the name of Naruto in the Alternate Universe": "Menma",
    "What is the name of Jinin's sword": "Kabutowari",
    "What is the name of Jinpachi Munashi's sword": "Shibuki",
    "What is the name of Fuguki's swors": "Samehada",
    "What is the name of Kisame's sword": "Samehada",
    "What is the name of Zabuza's sword": "Kubikiribōchō",
    "What weapon does Suigetsu use": "Kubikiribōchō",
    "What is the name of Ameyuri Ringo's sword?": "Kiba",
    "What is the name of Raiga Kurosuki's sword": "Kiba",
    "What is the name of Kushimaru Kuriarare's sword": "Nuibari"
}
